,Population,YearCollected,DayCollected,ChillingTime,Germinated
1,12,2017,267,0,N
2,12,2017,267,0,N
3,12,2017,267,0,N
4,12,2017,267,0,N
5,12,2017,267,0,N
6,12,2017,267,0,N
7,12,2017,267,0,N
8,12,2017,267,0,N
9,12,2017,267,0,N
10,12,2017,267,0,N
11,2,2014,191,0,Y
12,2,2014,191,0,Y
13,2,2014,191,0,Y
14,2,2014,191,0,N
15,2,2014,191,0,N
16,2,2014,191,0,N
17,2,2014,191,0,N
18,2,2014,191,0,N
19,2,2014,191,0,N
20,2,2014,191,0,N
21,5,2017,161,0,Y
22,5,2017,161,0,Y
23,5,2017,161,0,Y
24,5,2017,161,0,N
25,5,2017,161,0,N
26,5,2017,161,0,N
27,5,2017,161,0,N
28,5,2017,161,0,N
29,5,2017,161,0,N
30,5,2017,161,0,N
31,10,2016,198,0,N
32,10,2016,198,0,N
33,10,2016,198,0,N
34,10,2016,198,0,N
35,10,2016,198,0,N
36,10,2016,198,0,N
37,10,2016,198,0,N
38,10,2016,198,0,N
39,10,2016,198,0,N
40,10,2016,198,0,N
41,6,2016,204,0,N
42,6,2016,204,0,N
43,6,2016,204,0,N
44,6,2016,204,0,N
45,6,2016,204,0,N
46,6,2016,204,0,N
47,6,2016,204,0,N
48,6,2016,204,0,N
49,6,2016,204,0,N
50,6,2016,204,0,N
51,3,2017,164,0,N
52,3,2017,164,0,N
53,3,2017,164,0,N
54,3,2017,164,0,N
55,3,2017,164,0,N
56,3,2017,164,0,N
57,3,2017,164,0,N
58,3,2017,164,0,N
59,3,2017,164,0,N
60,3,2017,164,0,N
61,4,2017,162,0,N
62,4,2017,162,0,N
63,4,2017,162,0,N
64,4,2017,162,0,N
65,4,2017,162,0,N
66,4,2017,162,0,N
67,4,2017,162,0,N
68,4,2017,162,0,N
69,4,2017,162,0,N
70,4,2017,162,0,N
71,1,2015,138,0,Y
72,1,2015,138,0,Y
73,1,2015,138,0,Y
74,1,2015,138,0,N
75,1,2015,138,0,N
76,1,2015,138,0,N
77,1,2015,138,0,N
78,1,2015,138,0,N
79,1,2015,138,0,N
80,1,2015,138,0,N
81,11,2016,202,0,N
82,11,2016,202,0,N
83,11,2016,202,0,N
84,11,2016,202,0,N
85,11,2016,202,0,N
86,11,2016,202,0,N
87,11,2016,202,0,N
88,11,2016,202,0,N
89,11,2016,202,0,N
90,11,2016,202,0,N
91,7,2016,204,0,N
92,7,2016,204,0,N
93,7,2016,204,0,N
94,7,2016,204,0,N
95,7,2016,204,0,N
96,7,2016,204,0,N
97,7,2016,204,0,N
98,7,2016,204,0,N
99,7,2016,204,0,N
100,7,2016,204,0,N
101,8,2013,230,0,N
102,8,2013,230,0,N
103,8,2013,230,0,N
104,8,2013,230,0,N
105,8,2013,230,0,N
106,8,2013,230,0,N
107,8,2013,230,0,N
108,8,2013,230,0,N
109,8,2013,230,0,N
110,8,2013,230,0,N
111,9,2016,203,0,N
112,9,2016,203,0,N
113,9,2016,203,0,N
114,9,2016,203,0,N
115,9,2016,203,0,N
116,9,2016,203,0,N
117,9,2016,203,0,N
118,9,2016,203,0,N
119,9,2016,203,0,N
120,9,2016,203,0,N
121,1,2015,138,0,Y
122,1,2015,138,0,Y
123,1,2015,138,0,Y
124,1,2015,138,0,Y
125,1,2015,138,0,N
126,1,2015,138,0,N
127,1,2015,138,0,N
128,1,2015,138,0,N
129,1,2015,138,0,N
130,1,2015,138,0,N
131,12,2017,267,0,N
132,12,2017,267,0,N
133,12,2017,267,0,N
134,12,2017,267,0,N
135,12,2017,267,0,N
136,12,2017,267,0,N
137,12,2017,267,0,N
138,12,2017,267,0,N
139,12,2017,267,0,N
140,12,2017,267,0,N
141,6,2016,204,0,N
142,6,2016,204,0,N
143,6,2016,204,0,N
144,6,2016,204,0,N
145,6,2016,204,0,N
146,6,2016,204,0,N
147,6,2016,204,0,N
148,6,2016,204,0,N
149,6,2016,204,0,N
150,6,2016,204,0,N
151,2,2014,191,0,Y
152,2,2014,191,0,N
153,2,2014,191,0,N
154,2,2014,191,0,N
155,2,2014,191,0,N
156,2,2014,191,0,N
157,2,2014,191,0,N
158,2,2014,191,0,N
159,2,2014,191,0,N
160,2,2014,191,0,N
161,3,2017,164,0,N
162,3,2017,164,0,N
163,3,2017,164,0,N
164,3,2017,164,0,N
165,3,2017,164,0,N
166,3,2017,164,0,N
167,3,2017,164,0,N
168,3,2017,164,0,N
169,3,2017,164,0,N
170,3,2017,164,0,N
171,11,2016,202,0,N
172,11,2016,202,0,N
173,11,2016,202,0,N
174,11,2016,202,0,N
175,11,2016,202,0,N
176,11,2016,202,0,N
177,11,2016,202,0,N
178,11,2016,202,0,N
179,11,2016,202,0,N
180,11,2016,202,0,N
181,9,2016,203,0,N
182,9,2016,203,0,N
183,9,2016,203,0,N
184,9,2016,203,0,N
185,9,2016,203,0,N
186,9,2016,203,0,N
187,9,2016,203,0,N
188,9,2016,203,0,N
189,9,2016,203,0,N
190,9,2016,203,0,N
191,5,2017,161,0,Y
192,5,2017,161,0,Y
193,5,2017,161,0,Y
194,5,2017,161,0,Y
195,5,2017,161,0,Y
196,5,2017,161,0,Y
197,5,2017,161,0,N
198,5,2017,161,0,N
199,5,2017,161,0,N
200,5,2017,161,0,N
201,10,2016,198,0,N
202,10,2016,198,0,N
203,10,2016,198,0,N
204,10,2016,198,0,N
205,10,2016,198,0,N
206,10,2016,198,0,N
207,10,2016,198,0,N
208,10,2016,198,0,N
209,10,2016,198,0,N
210,10,2016,198,0,N
211,4,2017,162,0,N
212,4,2017,162,0,N
213,4,2017,162,0,N
214,4,2017,162,0,N
215,4,2017,162,0,N
216,4,2017,162,0,N
217,4,2017,162,0,N
218,4,2017,162,0,N
219,4,2017,162,0,N
220,4,2017,162,0,N
221,8,2013,230,0,N
222,8,2013,230,0,N
223,8,2013,230,0,N
224,8,2013,230,0,N
225,8,2013,230,0,N
226,8,2013,230,0,N
227,8,2013,230,0,N
228,8,2013,230,0,N
229,8,2013,230,0,N
230,8,2013,230,0,N
231,7,2016,204,0,N
232,7,2016,204,0,N
233,7,2016,204,0,N
234,7,2016,204,0,N
235,7,2016,204,0,N
236,7,2016,204,0,N
237,7,2016,204,0,N
238,7,2016,204,0,N
239,7,2016,204,0,N
240,7,2016,204,0,N
241,7,2016,204,0,N
242,7,2016,204,0,N
243,7,2016,204,0,N
244,7,2016,204,0,N
245,7,2016,204,0,N
246,7,2016,204,0,N
247,7,2016,204,0,N
248,7,2016,204,0,N
249,7,2016,204,0,N
250,7,2016,204,0,N
251,11,2016,202,0,N
252,11,2016,202,0,N
253,11,2016,202,0,N
254,11,2016,202,0,N
255,11,2016,202,0,N
256,11,2016,202,0,N
257,11,2016,202,0,N
258,11,2016,202,0,N
259,11,2016,202,0,N
260,11,2016,202,0,N
261,10,2016,198,0,N
262,10,2016,198,0,N
263,10,2016,198,0,N
264,10,2016,198,0,N
265,10,2016,198,0,N
266,10,2016,198,0,N
267,10,2016,198,0,N
268,10,2016,198,0,N
269,10,2016,198,0,N
270,10,2016,198,0,N
271,3,2017,164,0,N
272,3,2017,164,0,N
273,3,2017,164,0,N
274,3,2017,164,0,N
275,3,2017,164,0,N
276,3,2017,164,0,N
277,3,2017,164,0,N
278,3,2017,164,0,N
279,3,2017,164,0,N
280,3,2017,164,0,N
281,4,2017,162,0,N
282,4,2017,162,0,N
283,4,2017,162,0,N
284,4,2017,162,0,N
285,4,2017,162,0,N
286,4,2017,162,0,N
287,4,2017,162,0,N
288,4,2017,162,0,N
289,4,2017,162,0,N
290,4,2017,162,0,N
291,5,2017,161,0,Y
292,5,2017,161,0,N
293,5,2017,161,0,N
294,5,2017,161,0,N
295,5,2017,161,0,N
296,5,2017,161,0,N
297,5,2017,161,0,N
298,5,2017,161,0,N
299,5,2017,161,0,N
300,5,2017,161,0,N
301,1,2015,138,0,Y
302,1,2015,138,0,Y
303,1,2015,138,0,Y
304,1,2015,138,0,Y
305,1,2015,138,0,Y
306,1,2015,138,0,N
307,1,2015,138,0,N
308,1,2015,138,0,N
309,1,2015,138,0,N
310,1,2015,138,0,N
311,8,2013,230,0,N
312,8,2013,230,0,N
313,8,2013,230,0,N
314,8,2013,230,0,N
315,8,2013,230,0,N
316,8,2013,230,0,N
317,8,2013,230,0,N
318,8,2013,230,0,N
319,8,2013,230,0,N
320,8,2013,230,0,N
321,12,2017,267,0,N
322,12,2017,267,0,N
323,12,2017,267,0,N
324,12,2017,267,0,N
325,12,2017,267,0,N
326,12,2017,267,0,N
327,12,2017,267,0,N
328,12,2017,267,0,N
329,12,2017,267,0,N
330,12,2017,267,0,N
331,6,2016,204,0,N
332,6,2016,204,0,N
333,6,2016,204,0,N
334,6,2016,204,0,N
335,6,2016,204,0,N
336,6,2016,204,0,N
337,6,2016,204,0,N
338,6,2016,204,0,N
339,6,2016,204,0,N
340,6,2016,204,0,N
341,9,2016,203,0,N
342,9,2016,203,0,N
343,9,2016,203,0,N
344,9,2016,203,0,N
345,9,2016,203,0,N
346,9,2016,203,0,N
347,9,2016,203,0,N
348,9,2016,203,0,N
349,9,2016,203,0,N
350,9,2016,203,0,N
351,2,2014,191,0,N
352,2,2014,191,0,N
353,2,2014,191,0,N
354,2,2014,191,0,N
355,2,2014,191,0,N
356,2,2014,191,0,N
357,2,2014,191,0,N
358,2,2014,191,0,N
359,2,2014,191,0,N
360,2,2014,191,0,N
361,8,2013,230,2,N
362,8,2013,230,2,N
363,8,2013,230,2,N
364,8,2013,230,2,N
365,8,2013,230,2,N
366,8,2013,230,2,N
367,8,2013,230,2,N
368,8,2013,230,2,N
369,8,2013,230,2,N
370,8,2013,230,2,N
371,3,2017,164,2,Y
372,3,2017,164,2,Y
373,3,2017,164,2,Y
374,3,2017,164,2,Y
375,3,2017,164,2,N
376,3,2017,164,2,N
377,3,2017,164,2,N
378,3,2017,164,2,N
379,3,2017,164,2,N
380,3,2017,164,2,N
381,4,2017,162,2,Y
382,4,2017,162,2,Y
383,4,2017,162,2,N
384,4,2017,162,2,N
385,4,2017,162,2,N
386,4,2017,162,2,N
387,4,2017,162,2,N
388,4,2017,162,2,N
389,4,2017,162,2,N
390,4,2017,162,2,N
391,12,2017,267,2,N
392,12,2017,267,2,N
393,12,2017,267,2,N
394,12,2017,267,2,N
395,12,2017,267,2,N
396,12,2017,267,2,N
397,12,2017,267,2,N
398,12,2017,267,2,N
399,12,2017,267,2,N
400,12,2017,267,2,N
401,5,2017,161,2,Y
402,5,2017,161,2,Y
403,5,2017,161,2,Y
404,5,2017,161,2,Y
405,5,2017,161,2,Y
406,5,2017,161,2,Y
407,5,2017,161,2,Y
408,5,2017,161,2,Y
409,5,2017,161,2,N
410,5,2017,161,2,N
411,6,2016,204,2,N
412,6,2016,204,2,N
413,6,2016,204,2,N
414,6,2016,204,2,N
415,6,2016,204,2,N
416,6,2016,204,2,N
417,6,2016,204,2,N
418,6,2016,204,2,N
419,6,2016,204,2,N
420,6,2016,204,2,N
421,10,2016,198,2,Y
422,10,2016,198,2,Y
423,10,2016,198,2,N
424,10,2016,198,2,N
425,10,2016,198,2,N
426,10,2016,198,2,N
427,10,2016,198,2,N
428,10,2016,198,2,N
429,10,2016,198,2,N
430,10,2016,198,2,N
431,7,2016,204,2,N
432,7,2016,204,2,N
433,7,2016,204,2,N
434,7,2016,204,2,N
435,7,2016,204,2,N
436,7,2016,204,2,N
437,7,2016,204,2,N
438,7,2016,204,2,N
439,7,2016,204,2,N
440,7,2016,204,2,N
441,1,2015,138,2,Y
442,1,2015,138,2,Y
443,1,2015,138,2,Y
444,1,2015,138,2,Y
445,1,2015,138,2,Y
446,1,2015,138,2,Y
447,1,2015,138,2,Y
448,1,2015,138,2,Y
449,1,2015,138,2,Y
450,1,2015,138,2,N
451,2,2014,191,2,Y
452,2,2014,191,2,Y
453,2,2014,191,2,Y
454,2,2014,191,2,Y
455,2,2014,191,2,Y
456,2,2014,191,2,N
457,2,2014,191,2,N
458,2,2014,191,2,N
459,2,2014,191,2,N
460,2,2014,191,2,N
461,11,2016,202,2,N
462,11,2016,202,2,N
463,11,2016,202,2,N
464,11,2016,202,2,N
465,11,2016,202,2,N
466,11,2016,202,2,N
467,11,2016,202,2,N
468,11,2016,202,2,N
469,11,2016,202,2,N
470,11,2016,202,2,N
471,9,2016,203,2,N
472,9,2016,203,2,N
473,9,2016,203,2,N
474,9,2016,203,2,N
475,9,2016,203,2,N
476,9,2016,203,2,N
477,9,2016,203,2,N
478,9,2016,203,2,N
479,9,2016,203,2,N
480,9,2016,203,2,N
481,12,2017,267,2,N
482,12,2017,267,2,N
483,12,2017,267,2,N
484,12,2017,267,2,N
485,12,2017,267,2,N
486,12,2017,267,2,N
487,12,2017,267,2,N
488,12,2017,267,2,N
489,12,2017,267,2,N
490,12,2017,267,2,N
491,5,2017,161,2,Y
492,5,2017,161,2,Y
493,5,2017,161,2,Y
494,5,2017,161,2,Y
495,5,2017,161,2,Y
496,5,2017,161,2,Y
497,5,2017,161,2,Y
498,5,2017,161,2,Y
499,5,2017,161,2,Y
500,5,2017,161,2,Y
501,9,2016,203,2,N
502,9,2016,203,2,N
503,9,2016,203,2,N
504,9,2016,203,2,N
505,9,2016,203,2,N
506,9,2016,203,2,N
507,9,2016,203,2,N
508,9,2016,203,2,N
509,9,2016,203,2,N
510,9,2016,203,2,N
511,4,2017,162,2,Y
512,4,2017,162,2,N
513,4,2017,162,2,N
514,4,2017,162,2,N
515,4,2017,162,2,N
516,4,2017,162,2,N
517,4,2017,162,2,N
518,4,2017,162,2,N
519,4,2017,162,2,N
520,4,2017,162,2,N
521,11,2016,202,2,N
522,11,2016,202,2,N
523,11,2016,202,2,N
524,11,2016,202,2,N
525,11,2016,202,2,N
526,11,2016,202,2,N
527,11,2016,202,2,N
528,11,2016,202,2,N
529,11,2016,202,2,N
530,11,2016,202,2,N
531,8,2013,230,2,Y
532,8,2013,230,2,N
533,8,2013,230,2,N
534,8,2013,230,2,N
535,8,2013,230,2,N
536,8,2013,230,2,N
537,8,2013,230,2,N
538,8,2013,230,2,N
539,8,2013,230,2,N
540,8,2013,230,2,N
541,2,2014,191,2,Y
542,2,2014,191,2,Y
543,2,2014,191,2,Y
544,2,2014,191,2,Y
545,2,2014,191,2,Y
546,2,2014,191,2,Y
547,2,2014,191,2,N
548,2,2014,191,2,N
549,2,2014,191,2,N
550,2,2014,191,2,N
551,1,2015,138,2,Y
552,1,2015,138,2,Y
553,1,2015,138,2,Y
554,1,2015,138,2,Y
555,1,2015,138,2,Y
556,1,2015,138,2,Y
557,1,2015,138,2,Y
558,1,2015,138,2,Y
559,1,2015,138,2,Y
560,1,2015,138,2,Y
561,3,2017,164,2,Y
562,3,2017,164,2,Y
563,3,2017,164,2,Y
564,3,2017,164,2,Y
565,3,2017,164,2,Y
566,3,2017,164,2,N
567,3,2017,164,2,N
568,3,2017,164,2,N
569,3,2017,164,2,N
570,3,2017,164,2,N
571,6,2016,204,2,Y
572,6,2016,204,2,N
573,6,2016,204,2,N
574,6,2016,204,2,N
575,6,2016,204,2,N
576,6,2016,204,2,N
577,6,2016,204,2,N
578,6,2016,204,2,N
579,6,2016,204,2,N
580,6,2016,204,2,N
581,10,2016,198,2,Y
582,10,2016,198,2,Y
583,10,2016,198,2,Y
584,10,2016,198,2,N
585,10,2016,198,2,N
586,10,2016,198,2,N
587,10,2016,198,2,N
588,10,2016,198,2,N
589,10,2016,198,2,N
590,10,2016,198,2,N
591,7,2016,204,2,N
592,7,2016,204,2,N
593,7,2016,204,2,N
594,7,2016,204,2,N
595,7,2016,204,2,N
596,7,2016,204,2,N
597,7,2016,204,2,N
598,7,2016,204,2,N
599,7,2016,204,2,N
600,7,2016,204,2,N
601,5,2017,161,2,Y
602,5,2017,161,2,Y
603,5,2017,161,2,Y
604,5,2017,161,2,Y
605,5,2017,161,2,Y
606,5,2017,161,2,Y
607,5,2017,161,2,Y
608,5,2017,161,2,Y
609,5,2017,161,2,N
610,5,2017,161,2,N
611,8,2013,230,2,N
612,8,2013,230,2,N
613,8,2013,230,2,N
614,8,2013,230,2,N
615,8,2013,230,2,N
616,8,2013,230,2,N
617,8,2013,230,2,N
618,8,2013,230,2,N
619,8,2013,230,2,N
620,8,2013,230,2,N
621,12,2017,267,2,N
622,12,2017,267,2,N
623,12,2017,267,2,N
624,12,2017,267,2,N
625,12,2017,267,2,N
626,12,2017,267,2,N
627,12,2017,267,2,N
628,12,2017,267,2,N
629,12,2017,267,2,N
630,12,2017,267,2,N
631,3,2017,164,2,Y
632,3,2017,164,2,Y
633,3,2017,164,2,Y
634,3,2017,164,2,Y
635,3,2017,164,2,Y
636,3,2017,164,2,Y
637,3,2017,164,2,Y
638,3,2017,164,2,N
639,3,2017,164,2,N
640,3,2017,164,2,N
641,7,2016,204,2,N
642,7,2016,204,2,N
643,7,2016,204,2,N
644,7,2016,204,2,N
645,7,2016,204,2,N
646,7,2016,204,2,N
647,7,2016,204,2,N
648,7,2016,204,2,N
649,7,2016,204,2,N
650,7,2016,204,2,N
651,10,2016,198,2,N
652,10,2016,198,2,N
653,10,2016,198,2,N
654,10,2016,198,2,N
655,10,2016,198,2,N
656,10,2016,198,2,N
657,10,2016,198,2,N
658,10,2016,198,2,N
659,10,2016,198,2,N
660,10,2016,198,2,N
661,6,2016,204,2,N
662,6,2016,204,2,N
663,6,2016,204,2,N
664,6,2016,204,2,N
665,6,2016,204,2,N
666,6,2016,204,2,N
667,6,2016,204,2,N
668,6,2016,204,2,N
669,6,2016,204,2,N
670,6,2016,204,2,N
671,1,2015,138,2,Y
672,1,2015,138,2,Y
673,1,2015,138,2,Y
674,1,2015,138,2,Y
675,1,2015,138,2,Y
676,1,2015,138,2,Y
677,1,2015,138,2,Y
678,1,2015,138,2,Y
679,1,2015,138,2,Y
680,1,2015,138,2,Y
681,11,2016,202,2,N
682,11,2016,202,2,N
683,11,2016,202,2,N
684,11,2016,202,2,N
685,11,2016,202,2,N
686,11,2016,202,2,N
687,11,2016,202,2,N
688,11,2016,202,2,N
689,11,2016,202,2,N
690,11,2016,202,2,N
691,2,2014,191,2,Y
692,2,2014,191,2,Y
693,2,2014,191,2,Y
694,2,2014,191,2,Y
695,2,2014,191,2,Y
696,2,2014,191,2,N
697,2,2014,191,2,N
698,2,2014,191,2,N
699,2,2014,191,2,N
700,2,2014,191,2,N
701,4,2017,162,2,Y
702,4,2017,162,2,Y
703,4,2017,162,2,N
704,4,2017,162,2,N
705,4,2017,162,2,N
706,4,2017,162,2,N
707,4,2017,162,2,N
708,4,2017,162,2,N
709,4,2017,162,2,N
710,4,2017,162,2,N
711,9,2016,203,2,N
712,9,2016,203,2,N
713,9,2016,203,2,N
714,9,2016,203,2,N
715,9,2016,203,2,N
716,9,2016,203,2,N
717,9,2016,203,2,N
718,9,2016,203,2,N
719,9,2016,203,2,N
720,9,2016,203,2,N
721,7,2016,204,4,Y
722,7,2016,204,4,N
723,7,2016,204,4,N
724,7,2016,204,4,N
725,7,2016,204,4,N
726,7,2016,204,4,N
727,7,2016,204,4,N
728,7,2016,204,4,N
729,7,2016,204,4,N
730,7,2016,204,4,N
731,10,2016,198,4,N
732,10,2016,198,4,N
733,10,2016,198,4,N
734,10,2016,198,4,N
735,10,2016,198,4,N
736,10,2016,198,4,N
737,10,2016,198,4,N
738,10,2016,198,4,N
739,10,2016,198,4,N
740,10,2016,198,4,N
741,1,2015,138,4,Y
742,1,2015,138,4,Y
743,1,2015,138,4,Y
744,1,2015,138,4,Y
745,1,2015,138,4,Y
746,1,2015,138,4,Y
747,1,2015,138,4,Y
748,1,2015,138,4,Y
749,1,2015,138,4,N
750,1,2015,138,4,N
751,3,2017,164,4,Y
752,3,2017,164,4,Y
753,3,2017,164,4,Y
754,3,2017,164,4,Y
755,3,2017,164,4,Y
756,3,2017,164,4,Y
757,3,2017,164,4,Y
758,3,2017,164,4,Y
759,3,2017,164,4,Y
760,3,2017,164,4,Y
761,11,2016,202,4,Y
762,11,2016,202,4,Y
763,11,2016,202,4,Y
764,11,2016,202,4,Y
765,11,2016,202,4,N
766,11,2016,202,4,N
767,11,2016,202,4,N
768,11,2016,202,4,N
769,11,2016,202,4,N
770,11,2016,202,4,N
771,2,2014,191,4,Y
772,2,2014,191,4,Y
773,2,2014,191,4,Y
774,2,2014,191,4,Y
775,2,2014,191,4,Y
776,2,2014,191,4,Y
777,2,2014,191,4,Y
778,2,2014,191,4,Y
779,2,2014,191,4,N
780,2,2014,191,4,N
781,12,2017,267,4,N
782,12,2017,267,4,N
783,12,2017,267,4,N
784,12,2017,267,4,N
785,12,2017,267,4,N
786,12,2017,267,4,N
787,12,2017,267,4,N
788,12,2017,267,4,N
789,12,2017,267,4,N
790,12,2017,267,4,N
791,4,2017,162,4,Y
792,4,2017,162,4,Y
793,4,2017,162,4,Y
794,4,2017,162,4,Y
795,4,2017,162,4,Y
796,4,2017,162,4,Y
797,4,2017,162,4,N
798,4,2017,162,4,N
799,4,2017,162,4,N
800,4,2017,162,4,N
801,9,2016,203,4,N
802,9,2016,203,4,N
803,9,2016,203,4,N
804,9,2016,203,4,N
805,9,2016,203,4,N
806,9,2016,203,4,N
807,9,2016,203,4,N
808,9,2016,203,4,N
809,9,2016,203,4,N
810,9,2016,203,4,N
811,5,2017,161,4,Y
812,5,2017,161,4,Y
813,5,2017,161,4,Y
814,5,2017,161,4,Y
815,5,2017,161,4,Y
816,5,2017,161,4,N
817,5,2017,161,4,N
818,5,2017,161,4,N
819,5,2017,161,4,N
820,5,2017,161,4,N
821,8,2013,230,4,Y
822,8,2013,230,4,Y
823,8,2013,230,4,N
824,8,2013,230,4,N
825,8,2013,230,4,N
826,8,2013,230,4,N
827,8,2013,230,4,N
828,8,2013,230,4,N
829,8,2013,230,4,N
830,8,2013,230,4,N
831,6,2016,204,4,N
832,6,2016,204,4,N
833,6,2016,204,4,N
834,6,2016,204,4,N
835,6,2016,204,4,N
836,6,2016,204,4,N
837,6,2016,204,4,N
838,6,2016,204,4,N
839,6,2016,204,4,N
840,6,2016,204,4,N
841,6,2016,204,4,N
842,6,2016,204,4,N
843,6,2016,204,4,N
844,6,2016,204,4,N
845,6,2016,204,4,N
846,6,2016,204,4,N
847,6,2016,204,4,N
848,6,2016,204,4,N
849,6,2016,204,4,N
850,6,2016,204,4,N
851,10,2016,198,4,Y
852,10,2016,198,4,N
853,10,2016,198,4,N
854,10,2016,198,4,N
855,10,2016,198,4,N
856,10,2016,198,4,N
857,10,2016,198,4,N
858,10,2016,198,4,N
859,10,2016,198,4,N
860,10,2016,198,4,N
861,12,2017,267,4,N
862,12,2017,267,4,N
863,12,2017,267,4,N
864,12,2017,267,4,N
865,12,2017,267,4,N
866,12,2017,267,4,N
867,12,2017,267,4,N
868,12,2017,267,4,N
869,12,2017,267,4,N
870,12,2017,267,4,N
871,11,2016,202,4,N
872,11,2016,202,4,N
873,11,2016,202,4,N
874,11,2016,202,4,N
875,11,2016,202,4,N
876,11,2016,202,4,N
877,11,2016,202,4,N
878,11,2016,202,4,N
879,11,2016,202,4,N
880,11,2016,202,4,N
881,3,2017,164,4,Y
882,3,2017,164,4,Y
883,3,2017,164,4,Y
884,3,2017,164,4,Y
885,3,2017,164,4,Y
886,3,2017,164,4,Y
887,3,2017,164,4,Y
888,3,2017,164,4,N
889,3,2017,164,4,N
890,3,2017,164,4,N
891,7,2016,204,4,N
892,7,2016,204,4,Y
893,7,2016,204,4,N
894,7,2016,204,4,N
895,7,2016,204,4,N
896,7,2016,204,4,N
897,7,2016,204,4,N
898,7,2016,204,4,N
899,7,2016,204,4,N
900,7,2016,204,4,N
901,4,2017,162,4,Y
902,4,2017,162,4,Y
903,4,2017,162,4,Y
904,4,2017,162,4,Y
905,4,2017,162,4,Y
906,4,2017,162,4,Y
907,4,2017,162,4,Y
908,4,2017,162,4,N
909,4,2017,162,4,N
910,4,2017,162,4,N
911,8,2013,230,4,Y
912,8,2013,230,4,Y
913,8,2013,230,4,Y
914,8,2013,230,4,Y
915,8,2013,230,4,Y
916,8,2013,230,4,N
917,8,2013,230,4,N
918,8,2013,230,4,N
919,8,2013,230,4,N
920,8,2013,230,4,N
921,1,2015,138,4,Y
922,1,2015,138,4,Y
923,1,2015,138,4,Y
924,1,2015,138,4,Y
925,1,2015,138,4,Y
926,1,2015,138,4,Y
927,1,2015,138,4,Y
928,1,2015,138,4,Y
929,1,2015,138,4,N
930,1,2015,138,4,N
931,5,2017,161,4,Y
932,5,2017,161,4,Y
933,5,2017,161,4,Y
934,5,2017,161,4,Y
935,5,2017,161,4,Y
936,5,2017,161,4,Y
937,5,2017,161,4,Y
938,5,2017,161,4,Y
939,5,2017,161,4,N
940,5,2017,161,4,N
941,9,2016,203,4,N
942,9,2016,203,4,N
943,9,2016,203,4,N
944,9,2016,203,4,N
945,9,2016,203,4,N
946,9,2016,203,4,N
947,9,2016,203,4,N
948,9,2016,203,4,N
949,9,2016,203,4,N
950,9,2016,203,4,N
951,2,2014,191,4,Y
952,2,2014,191,4,Y
953,2,2014,191,4,Y
954,2,2014,191,4,Y
955,2,2014,191,4,Y
956,2,2014,191,4,Y
957,2,2014,191,4,Y
958,2,2014,191,4,Y
959,2,2014,191,4,N
960,2,2014,191,4,N
961,4,2017,162,4,Y
962,4,2017,162,4,Y
963,4,2017,162,4,Y
964,4,2017,162,4,N
965,4,2017,162,4,N
966,4,2017,162,4,N
967,4,2017,162,4,N
968,4,2017,162,4,N
969,4,2017,162,4,N
970,4,2017,162,4,N
971,3,2017,164,4,Y
972,3,2017,164,4,Y
973,3,2017,164,4,Y
974,3,2017,164,4,Y
975,3,2017,164,4,Y
976,3,2017,164,4,Y
977,3,2017,164,4,Y
978,3,2017,164,4,N
979,3,2017,164,4,N
980,3,2017,164,4,N
981,9,2016,203,4,N
982,9,2016,203,4,N
983,9,2016,203,4,N
984,9,2016,203,4,N
985,9,2016,203,4,N
986,9,2016,203,4,N
987,9,2016,203,4,N
988,9,2016,203,4,N
989,9,2016,203,4,N
990,9,2016,203,4,N
991,8,2013,230,4,Y
992,8,2013,230,4,N
993,8,2013,230,4,N
994,8,2013,230,4,N
995,8,2013,230,4,N
996,8,2013,230,4,N
997,8,2013,230,4,N
998,8,2013,230,4,N
999,8,2013,230,4,N
1000,8,2013,230,4,N
1001,6,2016,204,4,Y
1002,6,2016,204,4,Y
1003,6,2016,204,4,N
1004,6,2016,204,4,N
1005,6,2016,204,4,N
1006,6,2016,204,4,N
1007,6,2016,204,4,N
1008,6,2016,204,4,N
1009,6,2016,204,4,N
1010,6,2016,204,4,N
1011,5,2017,161,4,Y
1012,5,2017,161,4,Y
1013,5,2017,161,4,Y
1014,5,2017,161,4,Y
1015,5,2017,161,4,Y
1016,5,2017,161,4,Y
1017,5,2017,161,4,Y
1018,5,2017,161,4,N
1019,5,2017,161,4,N
1020,5,2017,161,4,N
1021,1,2015,138,4,Y
1022,1,2015,138,4,Y
1023,1,2015,138,4,Y
1024,1,2015,138,4,Y
1025,1,2015,138,4,Y
1026,1,2015,138,4,Y
1027,1,2015,138,4,Y
1028,1,2015,138,4,Y
1029,1,2015,138,4,Y
1030,1,2015,138,4,N
1031,2,2014,191,4,Y
1032,2,2014,191,4,Y
1033,2,2014,191,4,Y
1034,2,2014,191,4,Y
1035,2,2014,191,4,Y
1036,2,2014,191,4,Y
1037,2,2014,191,4,N
1038,2,2014,191,4,N
1039,2,2014,191,4,N
1040,2,2014,191,4,N
1041,12,2017,267,4,N
1042,12,2017,267,4,N
1043,12,2017,267,4,N
1044,12,2017,267,4,N
1045,12,2017,267,4,N
1046,12,2017,267,4,N
1047,12,2017,267,4,N
1048,12,2017,267,4,N
1049,12,2017,267,4,N
1050,12,2017,267,4,N
1051,7,2016,204,4,Y
1052,7,2016,204,4,N
1053,7,2016,204,4,N
1054,7,2016,204,4,N
1055,7,2016,204,4,N
1056,7,2016,204,4,N
1057,7,2016,204,4,N
1058,7,2016,204,4,N
1059,7,2016,204,4,N
1060,7,2016,204,4,N
1061,11,2016,202,4,Y
1062,11,2016,202,4,Y
1063,11,2016,202,4,N
1064,11,2016,202,4,N
1065,11,2016,202,4,N
1066,11,2016,202,4,N
1067,11,2016,202,4,N
1068,11,2016,202,4,N
1069,11,2016,202,4,N
1070,11,2016,202,4,N
1071,10,2016,198,4,Y
1072,10,2016,198,4,Y
1073,10,2016,198,4,N
1074,10,2016,198,4,N
1075,10,2016,198,4,N
1076,10,2016,198,4,N
1077,10,2016,198,4,N
1078,10,2016,198,4,N
1079,10,2016,198,4,N
1080,10,2016,198,4,N
1081,10,2016,198,6,Y
1082,10,2016,198,6,Y
1083,10,2016,198,6,Y
1084,10,2016,198,6,Y
1085,10,2016,198,6,N
1086,10,2016,198,6,N
1087,10,2016,198,6,N
1088,10,2016,198,6,N
1089,10,2016,198,6,N
1090,10,2016,198,6,N
1091,5,2017,161,6,Y
1092,5,2017,161,6,Y
1093,5,2017,161,6,Y
1094,5,2017,161,6,Y
1095,5,2017,161,6,Y
1096,5,2017,161,6,Y
1097,5,2017,161,6,Y
1098,5,2017,161,6,N
1099,5,2017,161,6,N
1100,5,2017,161,6,N
1101,4,2017,162,6,Y
1102,4,2017,162,6,Y
1103,4,2017,162,6,Y
1104,4,2017,162,6,Y
1105,4,2017,162,6,Y
1106,4,2017,162,6,Y
1107,4,2017,162,6,N
1108,4,2017,162,6,N
1109,4,2017,162,6,N
1110,4,2017,162,6,N
1111,2,2014,191,6,Y
1112,2,2014,191,6,Y
1113,2,2014,191,6,Y
1114,2,2014,191,6,Y
1115,2,2014,191,6,Y
1116,2,2014,191,6,Y
1117,2,2014,191,6,Y
1118,2,2014,191,6,N
1119,2,2014,191,6,N
1120,2,2014,191,6,N
1121,6,2016,204,6,Y
1122,6,2016,204,6,N
1123,6,2016,204,6,N
1124,6,2016,204,6,N
1125,6,2016,204,6,N
1126,6,2016,204,6,N
1127,6,2016,204,6,N
1128,6,2016,204,6,N
1129,6,2016,204,6,N
1130,6,2016,204,6,N
1131,12,2017,267,6,N
1132,12,2017,267,6,N
1133,12,2017,267,6,N
1134,12,2017,267,6,N
1135,12,2017,267,6,N
1136,12,2017,267,6,N
1137,12,2017,267,6,N
1138,12,2017,267,6,N
1139,12,2017,267,6,N
1140,12,2017,267,6,N
1141,3,2017,164,6,Y
1142,3,2017,164,6,Y
1143,3,2017,164,6,Y
1144,3,2017,164,6,Y
1145,3,2017,164,6,Y
1146,3,2017,164,6,Y
1147,3,2017,164,6,Y
1148,3,2017,164,6,N
1149,3,2017,164,6,N
1150,3,2017,164,6,N
1151,1,2015,138,6,Y
1152,1,2015,138,6,Y
1153,1,2015,138,6,Y
1154,1,2015,138,6,Y
1155,1,2015,138,6,Y
1156,1,2015,138,6,Y
1157,1,2015,138,6,Y
1158,1,2015,138,6,Y
1159,1,2015,138,6,Y
1160,1,2015,138,6,N
1161,11,2016,202,6,Y
1162,11,2016,202,6,Y
1163,11,2016,202,6,Y
1164,11,2016,202,6,N
1165,11,2016,202,6,N
1166,11,2016,202,6,N
1167,11,2016,202,6,N
1168,11,2016,202,6,N
1169,11,2016,202,6,N
1170,11,2016,202,6,N
1171,8,2013,230,6,Y
1172,8,2013,230,6,Y
1173,8,2013,230,6,Y
1174,8,2013,230,6,Y
1175,8,2013,230,6,N
1176,8,2013,230,6,N
1177,8,2013,230,6,N
1178,8,2013,230,6,N
1179,8,2013,230,6,N
1180,8,2013,230,6,N
1181,9,2016,203,6,N
1182,9,2016,203,6,N
1183,9,2016,203,6,N
1184,9,2016,203,6,N
1185,9,2016,203,6,N
1186,9,2016,203,6,N
1187,9,2016,203,6,N
1188,9,2016,203,6,N
1189,9,2016,203,6,N
1190,9,2016,203,6,N
1191,7,2016,204,6,Y
1192,7,2016,204,6,N
1193,7,2016,204,6,N
1194,7,2016,204,6,N
1195,7,2016,204,6,N
1196,7,2016,204,6,N
1197,7,2016,204,6,N
1198,7,2016,204,6,N
1199,7,2016,204,6,N
1200,7,2016,204,6,N
1201,4,2017,162,6,Y
1202,4,2017,162,6,Y
1203,4,2017,162,6,Y
1204,4,2017,162,6,Y
1205,4,2017,162,6,N
1206,4,2017,162,6,N
1207,4,2017,162,6,N
1208,4,2017,162,6,N
1209,4,2017,162,6,N
1210,4,2017,162,6,N
1211,1,2015,138,6,Y
1212,1,2015,138,6,Y
1213,1,2015,138,6,Y
1214,1,2015,138,6,Y
1215,1,2015,138,6,Y
1216,1,2015,138,6,Y
1217,1,2015,138,6,Y
1218,1,2015,138,6,Y
1219,1,2015,138,6,N
1220,1,2015,138,6,N
1221,5,2017,161,6,Y
1222,5,2017,161,6,Y
1223,5,2017,161,6,Y
1224,5,2017,161,6,Y
1225,5,2017,161,6,Y
1226,5,2017,161,6,Y
1227,5,2017,161,6,Y
1228,5,2017,161,6,Y
1229,5,2017,161,6,N
1230,5,2017,161,6,N
1231,12,2017,267,6,N
1232,12,2017,267,6,N
1233,12,2017,267,6,N
1234,12,2017,267,6,N
1235,12,2017,267,6,N
1236,12,2017,267,6,N
1237,12,2017,267,6,N
1238,12,2017,267,6,N
1239,12,2017,267,6,N
1240,12,2017,267,6,N
1241,3,2017,164,6,Y
1242,3,2017,164,6,Y
1243,3,2017,164,6,Y
1244,3,2017,164,6,Y
1245,3,2017,164,6,Y
1246,3,2017,164,6,Y
1247,3,2017,164,6,Y
1248,3,2017,164,6,Y
1249,3,2017,164,6,Y
1250,3,2017,164,6,N
1251,2,2014,191,6,Y
1252,2,2014,191,6,Y
1253,2,2014,191,6,Y
1254,2,2014,191,6,Y
1255,2,2014,191,6,Y
1256,2,2014,191,6,Y
1257,2,2014,191,6,Y
1258,2,2014,191,6,Y
1259,2,2014,191,6,N
1260,2,2014,191,6,N
1261,6,2016,204,6,Y
1262,6,2016,204,6,Y
1263,6,2016,204,6,Y
1264,6,2016,204,6,Y
1265,6,2016,204,6,Y
1266,6,2016,204,6,N
1267,6,2016,204,6,N
1268,6,2016,204,6,N
1269,6,2016,204,6,N
1270,6,2016,204,6,N
1271,8,2013,230,6,Y
1272,8,2013,230,6,Y
1273,8,2013,230,6,Y
1274,8,2013,230,6,N
1275,8,2013,230,6,N
1276,8,2013,230,6,N
1277,8,2013,230,6,N
1278,8,2013,230,6,N
1279,8,2013,230,6,N
1280,8,2013,230,6,N
1281,11,2016,202,6,Y
1282,11,2016,202,6,Y
1283,11,2016,202,6,Y
1284,11,2016,202,6,N
1285,11,2016,202,6,N
1286,11,2016,202,6,N
1287,11,2016,202,6,N
1288,11,2016,202,6,N
1289,11,2016,202,6,N
1290,11,2016,202,6,N
1291,10,2016,198,6,Y
1292,10,2016,198,6,Y
1293,10,2016,198,6,Y
1294,10,2016,198,6,Y
1295,10,2016,198,6,Y
1296,10,2016,198,6,Y
1297,10,2016,198,6,Y
1298,10,2016,198,6,Y
1299,10,2016,198,6,N
1300,10,2016,198,6,N
1301,7,2016,204,6,Y
1302,7,2016,204,6,Y
1303,7,2016,204,6,Y
1304,7,2016,204,6,Y
1305,7,2016,204,6,Y
1306,7,2016,204,6,Y
1307,7,2016,204,6,N
1308,7,2016,204,6,N
1309,7,2016,204,6,N
1310,7,2016,204,6,N
1311,9,2016,203,6,N
1312,9,2016,203,6,N
1313,9,2016,203,6,N
1314,9,2016,203,6,N
1315,9,2016,203,6,N
1316,9,2016,203,6,N
1317,9,2016,203,6,N
1318,9,2016,203,6,N
1319,9,2016,203,6,N
1320,9,2016,203,6,N
1321,9,2016,203,6,N
1322,9,2016,203,6,N
1323,9,2016,203,6,N
1324,9,2016,203,6,N
1325,9,2016,203,6,N
1326,9,2016,203,6,N
1327,9,2016,203,6,N
1328,9,2016,203,6,N
1329,9,2016,203,6,N
1330,9,2016,203,6,N
1331,2,2014,191,6,Y
1332,2,2014,191,6,Y
1333,2,2014,191,6,Y
1334,2,2014,191,6,Y
1335,2,2014,191,6,Y
1336,2,2014,191,6,Y
1337,2,2014,191,6,Y
1338,2,2014,191,6,N
1339,2,2014,191,6,N
1340,2,2014,191,6,N
1341,5,2017,161,6,Y
1342,5,2017,161,6,Y
1343,5,2017,161,6,Y
1344,5,2017,161,6,Y
1345,5,2017,161,6,Y
1346,5,2017,161,6,Y
1347,5,2017,161,6,Y
1348,5,2017,161,6,N
1349,5,2017,161,6,N
1350,5,2017,161,6,N
1351,3,2017,164,6,Y
1352,3,2017,164,6,Y
1353,3,2017,164,6,Y
1354,3,2017,164,6,Y
1355,3,2017,164,6,Y
1356,3,2017,164,6,Y
1357,3,2017,164,6,Y
1358,3,2017,164,6,Y
1359,3,2017,164,6,Y
1360,3,2017,164,6,N
1361,6,2016,204,6,Y
1362,6,2016,204,6,Y
1363,6,2016,204,6,Y
1364,6,2016,204,6,Y
1365,6,2016,204,6,Y
1366,6,2016,204,6,Y
1367,6,2016,204,6,N
1368,6,2016,204,6,N
1369,6,2016,204,6,N
1370,6,2016,204,6,N
1371,11,2016,202,6,Y
1372,11,2016,202,6,N
1373,11,2016,202,6,N
1374,11,2016,202,6,N
1375,11,2016,202,6,N
1376,11,2016,202,6,N
1377,11,2016,202,6,N
1378,11,2016,202,6,N
1379,11,2016,202,6,N
1380,11,2016,202,6,N
1381,12,2017,267,6,N
1382,12,2017,267,6,N
1383,12,2017,267,6,N
1384,12,2017,267,6,N
1385,12,2017,267,6,N
1386,12,2017,267,6,N
1387,12,2017,267,6,N
1388,12,2017,267,6,N
1389,12,2017,267,6,N
1390,12,2017,267,6,N
1391,10,2016,198,6,Y
1392,10,2016,198,6,Y
1393,10,2016,198,6,Y
1394,10,2016,198,6,Y
1395,10,2016,198,6,N
1396,10,2016,198,6,N
1397,10,2016,198,6,N
1398,10,2016,198,6,N
1399,10,2016,198,6,N
1400,10,2016,198,6,N
1401,1,2015,138,6,Y
1402,1,2015,138,6,Y
1403,1,2015,138,6,Y
1404,1,2015,138,6,Y
1405,1,2015,138,6,Y
1406,1,2015,138,6,Y
1407,1,2015,138,6,Y
1408,1,2015,138,6,Y
1409,1,2015,138,6,Y
1410,1,2015,138,6,N
1411,7,2016,204,6,Y
1412,7,2016,204,6,Y
1413,7,2016,204,6,Y
1414,7,2016,204,6,N
1415,7,2016,204,6,N
1416,7,2016,204,6,N
1417,7,2016,204,6,N
1418,7,2016,204,6,N
1419,7,2016,204,6,N
1420,7,2016,204,6,N
1421,4,2017,162,6,Y
1422,4,2017,162,6,Y
1423,4,2017,162,6,Y
1424,4,2017,162,6,Y
1425,4,2017,162,6,Y
1426,4,2017,162,6,Y
1427,4,2017,162,6,Y
1428,4,2017,162,6,Y
1429,4,2017,162,6,N
1430,4,2017,162,6,N
1431,8,2013,230,6,Y
1432,8,2013,230,6,Y
1433,8,2013,230,6,Y
1434,8,2013,230,6,N
1435,8,2013,230,6,N
1436,8,2013,230,6,N
1437,8,2013,230,6,N
1438,8,2013,230,6,N
1439,8,2013,230,6,N
1440,8,2013,230,6,N
1441,1,2015,138,8,Y
1442,1,2015,138,8,Y
1443,1,2015,138,8,Y
1444,1,2015,138,8,Y
1445,1,2015,138,8,Y
1446,1,2015,138,8,Y
1447,1,2015,138,8,Y
1448,1,2015,138,8,Y
1449,1,2015,138,8,N
1450,1,2015,138,8,N
1451,7,2016,204,8,Y
1452,7,2016,204,8,Y
1453,7,2016,204,8,Y
1454,7,2016,204,8,Y
1455,7,2016,204,8,Y
1456,7,2016,204,8,Y
1457,7,2016,204,8,Y
1458,7,2016,204,8,N
1459,7,2016,204,8,N
1460,7,2016,204,8,N
1461,9,2016,203,8,N
1462,9,2016,203,8,N
1463,9,2016,203,8,N
1464,9,2016,203,8,N
1465,9,2016,203,8,N
1466,9,2016,203,8,N
1467,9,2016,203,8,N
1468,9,2016,203,8,N
1469,9,2016,203,8,N
1470,9,2016,203,8,N
1471,2,2014,191,8,Y
1472,2,2014,191,8,Y
1473,2,2014,191,8,Y
1474,2,2014,191,8,Y
1475,2,2014,191,8,Y
1476,2,2014,191,8,Y
1477,2,2014,191,8,Y
1478,2,2014,191,8,Y
1479,2,2014,191,8,N
1480,2,2014,191,8,N
1481,3,2017,164,8,Y
1482,3,2017,164,8,Y
1483,3,2017,164,8,Y
1484,3,2017,164,8,Y
1485,3,2017,164,8,Y
1486,3,2017,164,8,Y
1487,3,2017,164,8,Y
1488,3,2017,164,8,Y
1489,3,2017,164,8,Y
1490,3,2017,164,8,Y
1491,10,2016,198,8,Y
1492,10,2016,198,8,Y
1493,10,2016,198,8,Y
1494,10,2016,198,8,Y
1495,10,2016,198,8,Y
1496,10,2016,198,8,Y
1497,10,2016,198,8,Y
1498,10,2016,198,8,Y
1499,10,2016,198,8,Y
1500,10,2016,198,8,N
1501,8,2013,230,8,Y
1502,8,2013,230,8,Y
1503,8,2013,230,8,Y
1504,8,2013,230,8,Y
1505,8,2013,230,8,N
1506,8,2013,230,8,N
1507,8,2013,230,8,N
1508,8,2013,230,8,N
1509,8,2013,230,8,N
1510,8,2013,230,8,N
1511,11,2016,202,8,N
1512,11,2016,202,8,Y
1513,11,2016,202,8,Y
1514,11,2016,202,8,Y
1515,11,2016,202,8,Y
1516,11,2016,202,8,Y
1517,11,2016,202,8,Y
1518,11,2016,202,8,Y
1519,11,2016,202,8,Y
1520,11,2016,202,8,Y
1521,6,2016,204,8,Y
1522,6,2016,204,8,Y
1523,6,2016,204,8,Y
1524,6,2016,204,8,Y
1525,6,2016,204,8,N
1526,6,2016,204,8,N
1527,6,2016,204,8,N
1528,6,2016,204,8,N
1529,6,2016,204,8,N
1530,6,2016,204,8,N
1531,5,2017,161,8,Y
1532,5,2017,161,8,Y
1533,5,2017,161,8,Y
1534,5,2017,161,8,Y
1535,5,2017,161,8,Y
1536,5,2017,161,8,Y
1537,5,2017,161,8,Y
1538,5,2017,161,8,N
1539,5,2017,161,8,N
1540,5,2017,161,8,N
1541,12,2017,267,8,N
1542,12,2017,267,8,N
1543,12,2017,267,8,N
1544,12,2017,267,8,N
1545,12,2017,267,8,N
1546,12,2017,267,8,N
1547,12,2017,267,8,N
1548,12,2017,267,8,N
1549,12,2017,267,8,N
1550,12,2017,267,8,N
1551,4,2017,162,8,Y
1552,4,2017,162,8,Y
1553,4,2017,162,8,Y
1554,4,2017,162,8,Y
1555,4,2017,162,8,Y
1556,4,2017,162,8,Y
1557,4,2017,162,8,Y
1558,4,2017,162,8,Y
1559,4,2017,162,8,Y
1560,4,2017,162,8,Y
1561,2,2014,191,8,Y
1562,2,2014,191,8,Y
1563,2,2014,191,8,Y
1564,2,2014,191,8,Y
1565,2,2014,191,8,Y
1566,2,2014,191,8,Y
1567,2,2014,191,8,Y
1568,2,2014,191,8,Y
1569,2,2014,191,8,Y
1570,2,2014,191,8,N
1571,1,2015,138,8,Y
1572,1,2015,138,8,Y
1573,1,2015,138,8,Y
1574,1,2015,138,8,Y
1575,1,2015,138,8,Y
1576,1,2015,138,8,Y
1577,1,2015,138,8,Y
1578,1,2015,138,8,Y
1579,1,2015,138,8,Y
1580,1,2015,138,8,N
1581,9,2016,203,8,Y
1582,9,2016,203,8,N
1583,9,2016,203,8,N
1584,9,2016,203,8,N
1585,9,2016,203,8,N
1586,9,2016,203,8,N
1587,9,2016,203,8,N
1588,9,2016,203,8,N
1589,9,2016,203,8,N
1590,9,2016,203,8,N
1591,8,2013,230,8,Y
1592,8,2013,230,8,Y
1593,8,2013,230,8,Y
1594,8,2013,230,8,N
1595,8,2013,230,8,N
1596,8,2013,230,8,N
1597,8,2013,230,8,N
1598,8,2013,230,8,N
1599,8,2013,230,8,N
1600,8,2013,230,8,N
1601,12,2017,267,8,N
1602,12,2017,267,8,N
1603,12,2017,267,8,N
1604,12,2017,267,8,N
1605,12,2017,267,8,N
1606,12,2017,267,8,N
1607,12,2017,267,8,N
1608,12,2017,267,8,N
1609,12,2017,267,8,N
1610,12,2017,267,8,N
1611,4,2017,162,8,Y
1612,4,2017,162,8,Y
1613,4,2017,162,8,Y
1614,4,2017,162,8,Y
1615,4,2017,162,8,Y
1616,4,2017,162,8,N
1617,4,2017,162,8,N
1618,4,2017,162,8,N
1619,4,2017,162,8,N
1620,4,2017,162,8,N
1621,6,2016,204,8,Y
1622,6,2016,204,8,Y
1623,6,2016,204,8,Y
1624,6,2016,204,8,Y
1625,6,2016,204,8,Y
1626,6,2016,204,8,N
1627,6,2016,204,8,N
1628,6,2016,204,8,N
1629,6,2016,204,8,N
1630,6,2016,204,8,N
1631,10,2016,198,8,Y
1632,10,2016,198,8,Y
1633,10,2016,198,8,Y
1634,10,2016,198,8,Y
1635,10,2016,198,8,Y
1636,10,2016,198,8,Y
1637,10,2016,198,8,Y
1638,10,2016,198,8,Y
1639,10,2016,198,8,N
1640,10,2016,198,8,N
1641,7,2016,204,8,Y
1642,7,2016,204,8,Y
1643,7,2016,204,8,Y
1644,7,2016,204,8,N
1645,7,2016,204,8,N
1646,7,2016,204,8,N
1647,7,2016,204,8,N
1648,7,2016,204,8,N
1649,7,2016,204,8,N
1650,7,2016,204,8,N
1651,3,2017,164,8,Y
1652,3,2017,164,8,Y
1653,3,2017,164,8,Y
1654,3,2017,164,8,Y
1655,3,2017,164,8,Y
1656,3,2017,164,8,Y
1657,3,2017,164,8,Y
1658,3,2017,164,8,Y
1659,3,2017,164,8,Y
1660,3,2017,164,8,N
1661,11,2016,202,8,Y
1662,11,2016,202,8,Y
1663,11,2016,202,8,Y
1664,11,2016,202,8,Y
1665,11,2016,202,8,Y
1666,11,2016,202,8,Y
1667,11,2016,202,8,N
1668,11,2016,202,8,N
1669,11,2016,202,8,N
1670,11,2016,202,8,N
1671,5,2017,161,8,Y
1672,5,2017,161,8,Y
1673,5,2017,161,8,Y
1674,5,2017,161,8,Y
1675,5,2017,161,8,Y
1676,5,2017,161,8,Y
1677,5,2017,161,8,Y
1678,5,2017,161,8,Y
1679,5,2017,161,8,N
1680,5,2017,161,8,N
1681,5,2017,161,8,Y
1682,5,2017,161,8,Y
1683,5,2017,161,8,Y
1684,5,2017,161,8,Y
1685,5,2017,161,8,Y
1686,5,2017,161,8,Y
1687,5,2017,161,8,N
1688,5,2017,161,8,N
1689,5,2017,161,8,N
1690,5,2017,161,8,N
1691,9,2016,203,8,Y
1692,9,2016,203,8,N
1693,9,2016,203,8,N
1694,9,2016,203,8,N
1695,9,2016,203,8,N
1696,9,2016,203,8,N
1697,9,2016,203,8,N
1698,9,2016,203,8,N
1699,9,2016,203,8,N
1700,9,2016,203,8,N
1701,6,2016,204,8,Y
1702,6,2016,204,8,Y
1703,6,2016,204,8,Y
1704,6,2016,204,8,Y
1705,6,2016,204,8,N
1706,6,2016,204,8,N
1707,6,2016,204,8,N
1708,6,2016,204,8,N
1709,6,2016,204,8,N
1710,6,2016,204,8,N
1711,8,2013,230,8,Y
1712,8,2013,230,8,Y
1713,8,2013,230,8,Y
1714,8,2013,230,8,N
1715,8,2013,230,8,N
1716,8,2013,230,8,N
1717,8,2013,230,8,N
1718,8,2013,230,8,N
1719,8,2013,230,8,N
1720,8,2013,230,8,N
1721,10,2016,198,8,Y
1722,10,2016,198,8,Y
1723,10,2016,198,8,Y
1724,10,2016,198,8,Y
1725,10,2016,198,8,Y
1726,10,2016,198,8,Y
1727,10,2016,198,8,Y
1728,10,2016,198,8,Y
1729,10,2016,198,8,Y
1730,10,2016,198,8,N
1731,3,2017,164,8,Y
1732,3,2017,164,8,Y
1733,3,2017,164,8,Y
1734,3,2017,164,8,Y
1735,3,2017,164,8,Y
1736,3,2017,164,8,Y
1737,3,2017,164,8,Y
1738,3,2017,164,8,Y
1739,3,2017,164,8,Y
1740,3,2017,164,8,Y
1741,11,2016,202,8,Y
1742,11,2016,202,8,Y
1743,11,2016,202,8,Y
1744,11,2016,202,8,Y
1745,11,2016,202,8,Y
1746,11,2016,202,8,N
1747,11,2016,202,8,N
1748,11,2016,202,8,N
1749,11,2016,202,8,N
1750,11,2016,202,8,N
1751,1,2015,138,8,Y
1752,1,2015,138,8,Y
1753,1,2015,138,8,Y
1754,1,2015,138,8,Y
1755,1,2015,138,8,Y
1756,1,2015,138,8,Y
1757,1,2015,138,8,Y
1758,1,2015,138,8,Y
1759,1,2015,138,8,Y
1760,1,2015,138,8,N
1761,12,2017,267,8,N
1762,12,2017,267,8,N
1763,12,2017,267,8,N
1764,12,2017,267,8,N
1765,12,2017,267,8,N
1766,12,2017,267,8,N
1767,12,2017,267,8,N
1768,12,2017,267,8,N
1769,12,2017,267,8,N
1770,12,2017,267,8,N
1771,2,2014,191,8,Y
1772,2,2014,191,8,Y
1773,2,2014,191,8,Y
1774,2,2014,191,8,Y
1775,2,2014,191,8,Y
1776,2,2014,191,8,Y
1777,2,2014,191,8,Y
1778,2,2014,191,8,Y
1779,2,2014,191,8,N
1780,2,2014,191,8,N
1781,4,2017,162,8,Y
1782,4,2017,162,8,Y
1783,4,2017,162,8,Y
1784,4,2017,162,8,Y
1785,4,2017,162,8,Y
1786,4,2017,162,8,Y
1787,4,2017,162,8,Y
1788,4,2017,162,8,N
1789,4,2017,162,8,N
1790,4,2017,162,8,N
1791,7,2016,204,8,Y
1792,7,2016,204,8,Y
1793,7,2016,204,8,Y
1794,7,2016,204,8,Y
1795,7,2016,204,8,N
1796,7,2016,204,8,N
1797,7,2016,204,8,N
1798,7,2016,204,8,N
1799,7,2016,204,8,N
1800,7,2016,204,8,N
1801,7,2016,204,10,Y
1802,7,2016,204,10,Y
1803,7,2016,204,10,Y
1804,7,2016,204,10,Y
1805,7,2016,204,10,Y
1806,7,2016,204,10,Y
1807,7,2016,204,10,Y
1808,7,2016,204,10,Y
1809,7,2016,204,10,Y
1810,7,2016,204,10,N
1811,5,2017,161,10,Y
1812,5,2017,161,10,Y
1813,5,2017,161,10,Y
1814,5,2017,161,10,Y
1815,5,2017,161,10,Y
1816,5,2017,161,10,Y
1817,5,2017,161,10,N
1818,5,2017,161,10,N
1819,5,2017,161,10,N
1820,5,2017,161,10,N
1821,10,2016,198,10,Y
1822,10,2016,198,10,Y
1823,10,2016,198,10,Y
1824,10,2016,198,10,Y
1825,10,2016,198,10,Y
1826,10,2016,198,10,Y
1827,10,2016,198,10,Y
1828,10,2016,198,10,N
1829,10,2016,198,10,N
1830,10,2016,198,10,N
1831,9,2016,203,10,Y
1832,9,2016,203,10,Y
1833,9,2016,203,10,Y
1834,9,2016,203,10,Y
1835,9,2016,203,10,Y
1836,9,2016,203,10,N
1837,9,2016,203,10,N
1838,9,2016,203,10,N
1839,9,2016,203,10,N
1840,9,2016,203,10,N
1841,2,2014,191,10,Y
1842,2,2014,191,10,Y
1843,2,2014,191,10,Y
1844,2,2014,191,10,Y
1845,2,2014,191,10,Y
1846,2,2014,191,10,Y
1847,2,2014,191,10,Y
1848,2,2014,191,10,Y
1849,2,2014,191,10,N
1850,2,2014,191,10,N
1851,4,2017,162,10,Y
1852,4,2017,162,10,Y
1853,4,2017,162,10,Y
1854,4,2017,162,10,Y
1855,4,2017,162,10,Y
1856,4,2017,162,10,Y
1857,4,2017,162,10,Y
1858,4,2017,162,10,Y
1859,4,2017,162,10,N
1860,4,2017,162,10,N
1861,11,2016,202,10,Y
1862,11,2016,202,10,Y
1863,11,2016,202,10,Y
1864,11,2016,202,10,Y
1865,11,2016,202,10,Y
1866,11,2016,202,10,Y
1867,11,2016,202,10,Y
1868,11,2016,202,10,Y
1869,11,2016,202,10,N
1870,11,2016,202,10,N
1871,6,2016,204,10,Y
1872,6,2016,204,10,Y
1873,6,2016,204,10,Y
1874,6,2016,204,10,Y
1875,6,2016,204,10,Y
1876,6,2016,204,10,Y
1877,6,2016,204,10,Y
1878,6,2016,204,10,Y
1879,6,2016,204,10,N
1880,6,2016,204,10,N
1881,12,2017,267,10,N
1882,12,2017,267,10,N
1883,12,2017,267,10,N
1884,12,2017,267,10,N
1885,12,2017,267,10,N
1886,12,2017,267,10,N
1887,12,2017,267,10,N
1888,12,2017,267,10,N
1889,12,2017,267,10,N
1890,12,2017,267,10,N
1891,8,2013,230,10,Y
1892,8,2013,230,10,Y
1893,8,2013,230,10,Y
1894,8,2013,230,10,N
1895,8,2013,230,10,N
1896,8,2013,230,10,N
1897,8,2013,230,10,N
1898,8,2013,230,10,N
1899,8,2013,230,10,N
1900,8,2013,230,10,N
1901,3,2017,164,10,Y
1902,3,2017,164,10,Y
1903,3,2017,164,10,Y
1904,3,2017,164,10,Y
1905,3,2017,164,10,Y
1906,3,2017,164,10,Y
1907,3,2017,164,10,Y
1908,3,2017,164,10,N
1909,3,2017,164,10,N
1910,3,2017,164,10,N
1911,1,2015,138,10,Y
1912,1,2015,138,10,Y
1913,1,2015,138,10,Y
1914,1,2015,138,10,Y
1915,1,2015,138,10,Y
1916,1,2015,138,10,Y
1917,1,2015,138,10,Y
1918,1,2015,138,10,Y
1919,1,2015,138,10,Y
1920,1,2015,138,10,N
1921,1,2015,138,10,Y
1922,1,2015,138,10,Y
1923,1,2015,138,10,Y
1924,1,2015,138,10,Y
1925,1,2015,138,10,Y
1926,1,2015,138,10,Y
1927,1,2015,138,10,Y
1928,1,2015,138,10,Y
1929,1,2015,138,10,Y
1930,1,2015,138,10,Y
1931,6,2016,204,10,Y
1932,6,2016,204,10,Y
1933,6,2016,204,10,Y
1934,6,2016,204,10,Y
1935,6,2016,204,10,Y
1936,6,2016,204,10,Y
1937,6,2016,204,10,Y
1938,6,2016,204,10,Y
1939,6,2016,204,10,Y
1940,6,2016,204,10,N
1941,3,2017,164,10,Y
1942,3,2017,164,10,Y
1943,3,2017,164,10,Y
1944,3,2017,164,10,Y
1945,3,2017,164,10,Y
1946,3,2017,164,10,Y
1947,3,2017,164,10,Y
1948,3,2017,164,10,Y
1949,3,2017,164,10,Y
1950,3,2017,164,10,Y
1951,2,2014,191,10,Y
1952,2,2014,191,10,Y
1953,2,2014,191,10,Y
1954,2,2014,191,10,Y
1955,2,2014,191,10,Y
1956,2,2014,191,10,Y
1957,2,2014,191,10,Y
1958,2,2014,191,10,Y
1959,2,2014,191,10,Y
1960,2,2014,191,10,N
1961,8,2013,230,10,Y
1962,8,2013,230,10,Y
1963,8,2013,230,10,Y
1964,8,2013,230,10,N
1965,8,2013,230,10,N
1966,8,2013,230,10,N
1967,8,2013,230,10,N
1968,8,2013,230,10,N
1969,8,2013,230,10,N
1970,8,2013,230,10,N
1971,5,2017,161,10,Y
1972,5,2017,161,10,Y
1973,5,2017,161,10,Y
1974,5,2017,161,10,Y
1975,5,2017,161,10,Y
1976,5,2017,161,10,N
1977,5,2017,161,10,N
1978,5,2017,161,10,N
1979,5,2017,161,10,N
1980,5,2017,161,10,N
1981,7,2016,204,10,Y
1982,7,2016,204,10,Y
1983,7,2016,204,10,Y
1984,7,2016,204,10,Y
1985,7,2016,204,10,Y
1986,7,2016,204,10,Y
1987,7,2016,204,10,Y
1988,7,2016,204,10,Y
1989,7,2016,204,10,Y
1990,7,2016,204,10,Y
1991,12,2017,267,10,N
1992,12,2017,267,10,N
1993,12,2017,267,10,N
1994,12,2017,267,10,N
1995,12,2017,267,10,N
1996,12,2017,267,10,N
1997,12,2017,267,10,N
1998,12,2017,267,10,N
1999,12,2017,267,10,N
2000,12,2017,267,10,N
2001,10,2016,198,10,Y
2002,10,2016,198,10,Y
2003,10,2016,198,10,Y
2004,10,2016,198,10,Y
2005,10,2016,198,10,Y
2006,10,2016,198,10,Y
2007,10,2016,198,10,Y
2008,10,2016,198,10,Y
2009,10,2016,198,10,Y
2010,10,2016,198,10,N
2011,4,2017,162,10,Y
2012,4,2017,162,10,Y
2013,4,2017,162,10,Y
2014,4,2017,162,10,Y
2015,4,2017,162,10,Y
2016,4,2017,162,10,Y
2017,4,2017,162,10,Y
2018,4,2017,162,10,Y
2019,4,2017,162,10,Y
2020,4,2017,162,10,Y
2021,9,2016,203,10,Y
2022,9,2016,203,10,Y
2023,9,2016,203,10,Y
2024,9,2016,203,10,Y
2025,9,2016,203,10,Y
2026,9,2016,203,10,Y
2027,9,2016,203,10,Y
2028,9,2016,203,10,Y
2029,9,2016,203,10,N
2030,9,2016,203,10,N
2031,11,2016,202,10,Y
2032,11,2016,202,10,Y
2033,11,2016,202,10,Y
2034,11,2016,202,10,Y
2035,11,2016,202,10,Y
2036,11,2016,202,10,Y
2037,11,2016,202,10,Y
2038,11,2016,202,10,Y
2039,11,2016,202,10,Y
2040,11,2016,202,10,N
2041,7,2016,204,10,Y
2042,7,2016,204,10,Y
2043,7,2016,204,10,Y
2044,7,2016,204,10,Y
2045,7,2016,204,10,Y
2046,7,2016,204,10,Y
2047,7,2016,204,10,N
2048,7,2016,204,10,N
2049,7,2016,204,10,N
2050,7,2016,204,10,N
2051,9,2016,203,10,Y
2052,9,2016,203,10,Y
2053,9,2016,203,10,Y
2054,9,2016,203,10,Y
2055,9,2016,203,10,Y
2056,9,2016,203,10,N
2057,9,2016,203,10,N
2058,9,2016,203,10,N
2059,9,2016,203,10,N
2060,9,2016,203,10,N
2061,10,2016,198,10,Y
2062,10,2016,198,10,Y
2063,10,2016,198,10,Y
2064,10,2016,198,10,Y
2065,10,2016,198,10,Y
2066,10,2016,198,10,Y
2067,10,2016,198,10,Y
2068,10,2016,198,10,Y
2069,10,2016,198,10,Y
2070,10,2016,198,10,Y
2071,11,2016,202,10,Y
2072,11,2016,202,10,Y
2073,11,2016,202,10,Y
2074,11,2016,202,10,Y
2075,11,2016,202,10,Y
2076,11,2016,202,10,Y
2077,11,2016,202,10,Y
2078,11,2016,202,10,Y
2079,11,2016,202,10,N
2080,11,2016,202,10,N
2081,8,2013,230,10,Y
2082,8,2013,230,10,Y
2083,8,2013,230,10,Y
2084,8,2013,230,10,N
2085,8,2013,230,10,N
2086,8,2013,230,10,N
2087,8,2013,230,10,N
2088,8,2013,230,10,N
2089,8,2013,230,10,N
2090,8,2013,230,10,N
2091,4,2017,162,10,Y
2092,4,2017,162,10,Y
2093,4,2017,162,10,Y
2094,4,2017,162,10,Y
2095,4,2017,162,10,Y
2096,4,2017,162,10,Y
2097,4,2017,162,10,Y
2098,4,2017,162,10,Y
2099,4,2017,162,10,Y
2100,4,2017,162,10,N
2101,6,2016,204,10,Y
2102,6,2016,204,10,Y
2103,6,2016,204,10,Y
2104,6,2016,204,10,Y
2105,6,2016,204,10,Y
2106,6,2016,204,10,Y
2107,6,2016,204,10,Y
2108,6,2016,204,10,N
2109,6,2016,204,10,N
2110,6,2016,204,10,N
2111,1,2015,138,10,Y
2112,1,2015,138,10,Y
2113,1,2015,138,10,Y
2114,1,2015,138,10,Y
2115,1,2015,138,10,Y
2116,1,2015,138,10,Y
2117,1,2015,138,10,Y
2118,1,2015,138,10,Y
2119,1,2015,138,10,Y
2120,1,2015,138,10,Y
2121,5,2017,161,10,Y
2122,5,2017,161,10,Y
2123,5,2017,161,10,Y
2124,5,2017,161,10,Y
2125,5,2017,161,10,Y
2126,5,2017,161,10,Y
2127,5,2017,161,10,N
2128,5,2017,161,10,N
2129,5,2017,161,10,N
2130,5,2017,161,10,N
2131,3,2017,164,10,Y
2132,3,2017,164,10,Y
2133,3,2017,164,10,Y
2134,3,2017,164,10,Y
2135,3,2017,164,10,Y
2136,3,2017,164,10,Y
2137,3,2017,164,10,Y
2138,3,2017,164,10,Y
2139,3,2017,164,10,Y
2140,3,2017,164,10,Y
2141,12,2017,267,10,N
2142,12,2017,267,10,N
2143,12,2017,267,10,N
2144,12,2017,267,10,N
2145,12,2017,267,10,N
2146,12,2017,267,10,N
2147,12,2017,267,10,N
2148,12,2017,267,10,N
2149,12,2017,267,10,N
2150,12,2017,267,10,N
2151,2,2014,191,10,Y
2152,2,2014,191,10,Y
2153,2,2014,191,10,Y
2154,2,2014,191,10,Y
2155,2,2014,191,10,Y
2156,2,2014,191,10,Y
2157,2,2014,191,10,Y
2158,2,2014,191,10,Y
2159,2,2014,191,10,Y
2160,2,2014,191,10,Y
2161,11,2016,202,12,Y
2162,11,2016,202,12,Y
2163,11,2016,202,12,Y
2164,11,2016,202,12,Y
2165,11,2016,202,12,Y
2166,11,2016,202,12,Y
2167,11,2016,202,12,Y
2168,11,2016,202,12,N
2169,11,2016,202,12,N
2170,11,2016,202,12,N
2171,3,2017,164,12,Y
2172,3,2017,164,12,Y
2173,3,2017,164,12,Y
2174,3,2017,164,12,Y
2175,3,2017,164,12,Y
2176,3,2017,164,12,Y
2177,3,2017,164,12,Y
2178,3,2017,164,12,Y
2179,3,2017,164,12,N
2180,3,2017,164,12,N
2181,8,2013,230,12,Y
2182,8,2013,230,12,N
2183,8,2013,230,12,N
2184,8,2013,230,12,N
2185,8,2013,230,12,N
2186,8,2013,230,12,N
2187,8,2013,230,12,N
2188,8,2013,230,12,N
2189,8,2013,230,12,N
2190,8,2013,230,12,N
2191,6,2016,204,12,Y
2192,6,2016,204,12,Y
2193,6,2016,204,12,Y
2194,6,2016,204,12,Y
2195,6,2016,204,12,Y
2196,6,2016,204,12,Y
2197,6,2016,204,12,N
2198,6,2016,204,12,N
2199,6,2016,204,12,N
2200,6,2016,204,12,N
2201,2,2014,191,12,Y
2202,2,2014,191,12,Y
2203,2,2014,191,12,Y
2204,2,2014,191,12,Y
2205,2,2014,191,12,Y
2206,2,2014,191,12,Y
2207,2,2014,191,12,Y
2208,2,2014,191,12,Y
2209,2,2014,191,12,N
2210,2,2014,191,12,N
2211,9,2016,203,12,Y
2212,9,2016,203,12,Y
2213,9,2016,203,12,Y
2214,9,2016,203,12,Y
2215,9,2016,203,12,Y
2216,9,2016,203,12,Y
2217,9,2016,203,12,Y
2218,9,2016,203,12,Y
2219,9,2016,203,12,Y
2220,9,2016,203,12,N
2221,5,2017,161,12,Y
2222,5,2017,161,12,Y
2223,5,2017,161,12,Y
2224,5,2017,161,12,Y
2225,5,2017,161,12,N
2226,5,2017,161,12,N
2227,5,2017,161,12,N
2228,5,2017,161,12,N
2229,5,2017,161,12,N
2230,5,2017,161,12,N
2231,4,2017,162,12,Y
2232,4,2017,162,12,Y
2233,4,2017,162,12,Y
2234,4,2017,162,12,Y
2235,4,2017,162,12,Y
2236,4,2017,162,12,Y
2237,4,2017,162,12,Y
2238,4,2017,162,12,Y
2239,4,2017,162,12,N
2240,4,2017,162,12,N
2241,7,2016,204,12,Y
2242,7,2016,204,12,Y
2243,7,2016,204,12,Y
2244,7,2016,204,12,Y
2245,7,2016,204,12,Y
2246,7,2016,204,12,N
2247,7,2016,204,12,N
2248,7,2016,204,12,N
2249,7,2016,204,12,N
2250,7,2016,204,12,N
2251,10,2016,198,12,Y
2252,10,2016,198,12,Y
2253,10,2016,198,12,Y
2254,10,2016,198,12,Y
2255,10,2016,198,12,Y
2256,10,2016,198,12,Y
2257,10,2016,198,12,Y
2258,10,2016,198,12,Y
2259,10,2016,198,12,Y
2260,10,2016,198,12,Y
2261,12,2017,267,12,N
2262,12,2017,267,12,N
2263,12,2017,267,12,N
2264,12,2017,267,12,N
2265,12,2017,267,12,N
2266,12,2017,267,12,N
2267,12,2017,267,12,N
2268,12,2017,267,12,N
2269,12,2017,267,12,N
2270,12,2017,267,12,N
2271,1,2015,138,12,Y
2272,1,2015,138,12,Y
2273,1,2015,138,12,Y
2274,1,2015,138,12,Y
2275,1,2015,138,12,Y
2276,1,2015,138,12,Y
2277,1,2015,138,12,Y
2278,1,2015,138,12,Y
2279,1,2015,138,12,Y
2280,1,2015,138,12,Y
2281,3,2017,164,12,Y
2282,3,2017,164,12,Y
2283,3,2017,164,12,Y
2284,3,2017,164,12,Y
2285,3,2017,164,12,Y
2286,3,2017,164,12,Y
2287,3,2017,164,12,Y
2288,3,2017,164,12,Y
2289,3,2017,164,12,N
2290,3,2017,164,12,N
2291,6,2016,204,12,Y
2292,6,2016,204,12,Y
2293,6,2016,204,12,Y
2294,6,2016,204,12,Y
2295,6,2016,204,12,Y
2296,6,2016,204,12,Y
2297,6,2016,204,12,N
2298,6,2016,204,12,N
2299,6,2016,204,12,N
2300,6,2016,204,12,N
2301,4,2017,162,12,Y
2302,4,2017,162,12,Y
2303,4,2017,162,12,Y
2304,4,2017,162,12,Y
2305,4,2017,162,12,Y
2306,4,2017,162,12,Y
2307,4,2017,162,12,Y
2308,4,2017,162,12,Y
2309,4,2017,162,12,N
2310,4,2017,162,12,N
2311,11,2016,202,12,Y
2312,11,2016,202,12,Y
2313,11,2016,202,12,Y
2314,11,2016,202,12,Y
2315,11,2016,202,12,N
2316,11,2016,202,12,N
2317,11,2016,202,12,N
2318,11,2016,202,12,N
2319,11,2016,202,12,N
2320,11,2016,202,12,N
2321,5,2017,161,12,Y
2322,5,2017,161,12,Y
2323,5,2017,161,12,Y
2324,5,2017,161,12,Y
2325,5,2017,161,12,Y
2326,5,2017,161,12,Y
2327,5,2017,161,12,Y
2328,5,2017,161,12,N
2329,5,2017,161,12,N
2330,5,2017,161,12,N
2331,10,2016,198,12,Y
2332,10,2016,198,12,Y
2333,10,2016,198,12,Y
2334,10,2016,198,12,Y
2335,10,2016,198,12,Y
2336,10,2016,198,12,Y
2337,10,2016,198,12,Y
2338,10,2016,198,12,Y
2339,10,2016,198,12,Y
2340,10,2016,198,12,Y
2341,8,2013,230,12,Y
2342,8,2013,230,12,Y
2343,8,2013,230,12,Y
2344,8,2013,230,12,Y
2345,8,2013,230,12,N
2346,8,2013,230,12,N
2347,8,2013,230,12,N
2348,8,2013,230,12,N
2349,8,2013,230,12,N
2350,8,2013,230,12,N
2351,2,2014,191,12,Y
2352,2,2014,191,12,Y
2353,2,2014,191,12,Y
2354,2,2014,191,12,Y
2355,2,2014,191,12,Y
2356,2,2014,191,12,Y
2357,2,2014,191,12,Y
2358,2,2014,191,12,Y
2359,2,2014,191,12,Y
2360,2,2014,191,12,Y
2361,9,2016,203,12,Y
2362,9,2016,203,12,N
2363,9,2016,203,12,N
2364,9,2016,203,12,N
2365,9,2016,203,12,N
2366,9,2016,203,12,N
2367,9,2016,203,12,N
2368,9,2016,203,12,N
2369,9,2016,203,12,N
2370,9,2016,203,12,N
2371,1,2015,138,12,Y
2372,1,2015,138,12,Y
2373,1,2015,138,12,Y
2374,1,2015,138,12,Y
2375,1,2015,138,12,Y
2376,1,2015,138,12,Y
2377,1,2015,138,12,Y
2378,1,2015,138,12,Y
2379,1,2015,138,12,N
2380,1,2015,138,12,N
2381,7,2016,204,12,Y
2382,7,2016,204,12,Y
2383,7,2016,204,12,Y
2384,7,2016,204,12,Y
2385,7,2016,204,12,Y
2386,7,2016,204,12,Y
2387,7,2016,204,12,Y
2388,7,2016,204,12,N
2389,7,2016,204,12,N
2390,7,2016,204,12,N
2391,12,2017,267,12,N
2392,12,2017,267,12,N
2393,12,2017,267,12,N
2394,12,2017,267,12,N
2395,12,2017,267,12,N
2396,12,2017,267,12,N
2397,12,2017,267,12,N
2398,12,2017,267,12,N
2399,12,2017,267,12,N
2400,12,2017,267,12,N
2401,8,2013,230,12,Y
2402,8,2013,230,12,Y
2403,8,2013,230,12,Y
2404,8,2013,230,12,Y
2405,8,2013,230,12,N
2406,8,2013,230,12,N
2407,8,2013,230,12,N
2408,8,2013,230,12,N
2409,8,2013,230,12,N
2410,8,2013,230,12,N
2411,6,2016,204,12,Y
2412,6,2016,204,12,Y
2413,6,2016,204,12,Y
2414,6,2016,204,12,Y
2415,6,2016,204,12,Y
2416,6,2016,204,12,Y
2417,6,2016,204,12,Y
2418,6,2016,204,12,Y
2419,6,2016,204,12,N
2420,6,2016,204,12,N
2421,10,2016,198,12,Y
2422,10,2016,198,12,Y
2423,10,2016,198,12,Y
2424,10,2016,198,12,Y
2425,10,2016,198,12,Y
2426,10,2016,198,12,N
2427,10,2016,198,12,N
2428,10,2016,198,12,N
2429,10,2016,198,12,N
2430,10,2016,198,12,N
2431,11,2016,202,12,Y
2432,11,2016,202,12,Y
2433,11,2016,202,12,Y
2434,11,2016,202,12,N
2435,11,2016,202,12,N
2436,11,2016,202,12,N
2437,11,2016,202,12,N
2438,11,2016,202,12,N
2439,11,2016,202,12,N
2440,11,2016,202,12,N
2441,12,2017,267,12,N
2442,12,2017,267,12,N
2443,12,2017,267,12,N
2444,12,2017,267,12,N
2445,12,2017,267,12,N
2446,12,2017,267,12,N
2447,12,2017,267,12,N
2448,12,2017,267,12,N
2449,12,2017,267,12,N
2450,12,2017,267,12,N
2451,9,2016,203,12,Y
2452,9,2016,203,12,Y
2453,9,2016,203,12,Y
2454,9,2016,203,12,Y
2455,9,2016,203,12,Y
2456,9,2016,203,12,Y
2457,9,2016,203,12,Y
2458,9,2016,203,12,Y
2459,9,2016,203,12,N
2460,9,2016,203,12,N
2461,5,2017,161,12,Y
2462,5,2017,161,12,Y
2463,5,2017,161,12,Y
2464,5,2017,161,12,Y
2465,5,2017,161,12,N
2466,5,2017,161,12,N
2467,5,2017,161,12,N
2468,5,2017,161,12,N
2469,5,2017,161,12,N
2470,5,2017,161,12,N
2471,2,2014,191,12,Y
2472,2,2014,191,12,Y
2473,2,2014,191,12,Y
2474,2,2014,191,12,Y
2475,2,2014,191,12,Y
2476,2,2014,191,12,Y
2477,2,2014,191,12,Y
2478,2,2014,191,12,N
2479,2,2014,191,12,N
2480,2,2014,191,12,N
2481,7,2016,204,12,Y
2482,7,2016,204,12,Y
2483,7,2016,204,12,Y
2484,7,2016,204,12,Y
2485,7,2016,204,12,Y
2486,7,2016,204,12,Y
2487,7,2016,204,12,Y
2488,7,2016,204,12,Y
2489,7,2016,204,12,N
2490,7,2016,204,12,N
2491,4,2017,162,12,Y
2492,4,2017,162,12,Y
2493,4,2017,162,12,Y
2494,4,2017,162,12,Y
2495,4,2017,162,12,Y
2496,4,2017,162,12,Y
2497,4,2017,162,12,N
2498,4,2017,162,12,N
2499,4,2017,162,12,N
2500,4,2017,162,12,N
2501,3,2017,164,12,Y
2502,3,2017,164,12,Y
2503,3,2017,164,12,Y
2504,3,2017,164,12,Y
2505,3,2017,164,12,Y
2506,3,2017,164,12,Y
2507,3,2017,164,12,Y
2508,3,2017,164,12,Y
2509,3,2017,164,12,Y
2510,3,2017,164,12,Y
2511,1,2015,138,12,Y
2512,1,2015,138,12,Y
2513,1,2015,138,12,Y
2514,1,2015,138,12,Y
2515,1,2015,138,12,Y
2516,1,2015,138,12,Y
2517,1,2015,138,12,Y
2518,1,2015,138,12,Y
2519,1,2015,138,12,Y
2520,1,2015,138,12,N
